variable,type,data_set
author,object,observations
downs,object,observations
id,object,observations
likes,object,observations
name,object,observations
num_comments,object,observations
over_18,object,observations
score,object,observations
selftext,object,observations
spoiler,object,observations
subreddit_name_prefixed,object,observations
title,object,observations
ups,object,observations
url,object,observations
bin_max,float64,observations
response,object,observations
text,object,observations
tokens,object,observations
indices,object,observations
padded_indices,object,observations
modeling_input,object,observations
training_step,object,observations
max_probability,float64,observations
modeling_prediction,float64,observations
